Job ID,Job URL,Job Title,Company Name,Status,Timestamp,WP ID
6f3ee8bdc554ad08,https://tt.linkedin.com/jobs/view/business-analyst-at-coralisle-group-ltd-4437448361,Business Analyst,,scraped,2026-07-07T01:51:03.574969,
d9b4bf567b128aa7,https://tt.linkedin.com/jobs/view/dispatch-officer-4436431806,Dispatch Officer,Hookmally Ali Limited,posted,2026-07-07T01:51:18.176167,18
a54eb66082eab367,https://tt.linkedin.com/jobs/view/tax-staff-at-ey-4434379526,Tax Staff,EY,posted,2026-07-07T01:51:30.137539,20
ac15310e3f909f08,https://tt.linkedin.com/jobs/view/delivery-driver-at-the-drinks-llab-4435280258,Delivery Driver,The Drinks LLAB,posted,2026-07-07T01:51:56.670891,22
207cdd801ecb20b2,https://tt.linkedin.com/jobs/view/omnibus-driver-at-swissport-4435492226,Omnibus Driver,,scraped,2026-07-07T01:51:59.285043,
6a26dc18e236908e,https://tt.linkedin.com/jobs/view/operator-at-slb-4421974048,Operator,,scraped,2026-07-07T01:52:06.171272,
971e472bcdb811b7,https://tt.linkedin.com/jobs/view/insurance-analyst-at-coralisle-group-ltd-4437434807,Insurance Analyst,,scraped,2026-07-07T01:52:28.765678,
22a582d6197fd935,https://tt.linkedin.com/jobs/view/assistant-accountant-at-ey-4434656826,Assistant Accountant,EY,posted,2026-07-07T01:52:43.448444,24
06907e39b1f01aab,https://tt.linkedin.com/jobs/view/operations-processor-at-guardian-group-4436415364,Operations Processor,,scraped,2026-07-07T01:52:46.089159,
8c28ed1c0440e629,https://tt.linkedin.com/jobs/view/audit-assurance-associate-internal-audit-trinidad-at-deloitte-4422759854,Audit & Assurance - Associate (Internal Audit) - Trinidad,Deloitte,posted,2026-07-07T01:53:09.390716,26
0a5fcca629d7ceeb,https://tt.linkedin.com/jobs/view/technical-support-engineer-trilogy-remote-%2460-000-year-usd-at-crossover-4434386747,"Technical Support Engineer, Trilogy (Remote) - $60,000/year USD",,scraped,2026-07-07T01:53:12.388619,
1f1f9ebdcd4dbfa3,https://tt.linkedin.com/jobs/view/csc-tier-1-engineer-ict-at-liberty-business-4415731326,CSC Tier 1 Engineer - ICT,,scraped,2026-07-07T01:53:24.646906,
fd92a11736a863de,https://tt.linkedin.com/jobs/view/sales-executive-at-virtual-work-world-4434158240,Sales Executive,,scraped,2026-07-07T01:53:31.593544,
c57da775860a4994,https://tt.linkedin.com/jobs/view/electronic-technician-intern-at-slb-4433151521,Electronic Technician Intern,,scraped,2026-07-07T01:53:38.635075,
325a489968635638,https://tt.linkedin.com/jobs/view/substitute-teacher-at-oneschool-global-4413629418,Substitute Teacher,OneSchool Global,posted,2026-07-07T01:55:50.501996,28
6242cfdcd9595ff7,https://tt.linkedin.com/jobs/view/project-planner-at-mowlem-international-ltd-4435555221,Project Planner,,scraped,2026-07-07T01:55:53.217379,
43b2898142fc4fcd,https://tt.linkedin.com/jobs/view/intern-risk-management-at-international-federation-of-red-cross-and-red-crescent-societies-ifrc-4436453268,"Intern, Risk Management",,scraped,2026-07-07T01:56:07.275101,
3e78529b74f84fc2,https://tt.linkedin.com/jobs/view/merchandiser-at-gomezlee-marketing-4433954410,Merchandiser,,scraped,2026-07-07T01:56:14.651812,
201051ed1e50178c,https://tt.linkedin.com/jobs/view/volunteer-at-febeau-san-juan-united-fc-4437150860,Volunteer,Febeau San Juan United FC,posted,2026-07-07T01:56:29.726201,30
8386dbfa295e2d86,https://tt.linkedin.com/jobs/view/freelance-grabaci%C3%B3n-de-tareas-cotidianas-para-proyecto-de-ia-at-toloka-annotators-4435121697,Freelance: grabación de tareas cotidianas para proyecto de IA,,scraped,2026-07-07T01:56:32.244012,
2ed3b9cf43237d13,https://tt.linkedin.com/jobs/view/assistant-manager-agency-oversight-at-coralisle-group-ltd-4437439572,Assistant Manager - Agency Oversight,,scraped,2026-07-07T01:56:47.097011,
8ef682aa0de52c08,https://tt.linkedin.com/jobs/view/youth-networker-acro-at-ippf-americas-and-the-caribbean-region-4431906589,Youth Networker ACRO,IPPF Americas and The Caribbean Region,posted,2026-07-07T01:57:06.185098,32
239ab686d75851f6,https://tt.linkedin.com/jobs/view/store-associate-tacarigua-trinidad-at-sherwin-williams-4434640019,"Store Associate - Tacarigua, Trinidad",Sherwin-Williams,posted,2026-07-07T01:57:15.990881,34
909daee248cd3544,https://tt.linkedin.com/jobs/view/ai-guideline-and-operations-consultant-at-inter-american-development-bank-4431544896,AI Guideline and Operations Consultant,Inter-American Development Bank,posted,2026-07-07T01:57:34.474050,36
f50ec2cb269f70df,https://tt.linkedin.com/jobs/view/senior-manager-business-intelligence-at-rbc-4432319937,Senior Manager Business Intelligence,,scraped,2026-07-07T01:57:36.868418,
acaae4801c67c7fc,https://tt.linkedin.com/jobs/view/ip-mpls-network-operations-engineer-at-tangent-international-4432383959,IP/MPLS Network Operations Engineer,,scraped,2026-07-07T01:57:43.790755,
a799522030b67fd6,https://tt.linkedin.com/jobs/view/risk-and-compliance-business-continuity-and-crisis-management-senior-analyst%E2%80%93-trinidad-at-deloitte-4405140601,Risk and Compliance- Business Continuity and Crisis Management Senior Analyst– Trinidad,Deloitte,posted,2026-07-07T01:58:51.930923,38
459affdf4ae2ba67,https://tt.linkedin.com/jobs/view/group-insurance-administrator-at-guardian-group-4435310697,Group Insurance Administrator,,scraped,2026-07-07T12:22:35.992426,
59ac6167015cda75,https://tt.linkedin.com/jobs/view/team-leader-operations-at-bill-gosling-outsourcing-4436525677,"Team Leader, Operations",,scraped,2026-07-07T12:22:43.624681,
f820e26cd2a7e497,https://tt.linkedin.com/jobs/view/risk-analyst-at-guardian-group-4436419104,Risk Analyst,,scraped,2026-07-07T12:22:50.595910,
a405d0a58343e251,https://tt.linkedin.com/jobs/view/situational-and-gap-analysis-of-soil-properties-data-in-flood-risk-assessment-in-caribbean-small-island-developing-states%0Ajob-id-280298-at-urban-resilience-hub-by-un-habitat-s-crgp-4436973270,"Situational and Gap Analysis of Soil Properties Data in Flood Risk Assessment in Caribbean Small Island Developing States
Job ID : 280298",,scraped,2026-07-07T12:22:59.971593,
367a924ad61cd550,https://tt.linkedin.com/jobs/view/business-development-manager-capex-opex-surinam-guyana-at-enermech-4435177574,"Business Development Manager - CAPEX/OPEX, Surinam & Guyana",,scraped,2026-07-07T12:23:07.745988,
a17b0e669f1cf64f,https://tt.linkedin.com/jobs/view/sales-support-26000-at-guardian-group-4436412512,Sales Support - 26000,,scraped,2026-07-07T12:23:14.952587,
b3accd9b92560605,https://tt.linkedin.com/jobs/view/business-development-manager-at-integrity360-4436257454,Business Development Manager,,scraped,2026-07-07T12:23:22.558642,
530b533a77b13dbe,https://tt.linkedin.com/jobs/view/senior-systems-engineer-at-fujitsu-4437780231,Senior Systems Engineer,,scraped,2026-07-07T12:23:36.015316,
ceab865b0968b88f,https://tt.linkedin.com/jobs/view/specialist-java-backend-developer-at-rbc-4436478818,Specialist Java Backend Developer,,scraped,2026-07-07T12:23:52.808798,
4f54f8afb446e020,https://tt.linkedin.com/jobs/view/senior-virtualisation-engineer-at-cable-wireless-communications-4415737024,Senior Virtualisation Engineer,Cable &amp; Wireless Communications,posted,2026-07-07T12:24:15.167758,40
